Order_ID,Order_Date,Customer,Region,Product,Sales,Cost,Year,Months,Profit
1001,2023-01-13,Rohit,South,Mobile,23289,19118,2023,1,4171
1002,2023-10-07,Aman,West,Laptop,8905,5593,2023,10,3312
1003,2023-11-05,Rahul,South,Monitor,59987,39959,2023,11,20028
1004,2024-02-19,Rahul,South,Printer,49597,33892,2024,2,15705
1005,2024-01-26,Anjali,North,Laptop,54797,34468,2024,1,20329
1006,2023-11-06,Rohit,North,Printer,75284,47989,2023,11,27295
1007,2023-02-10,Suresh,East,Monitor,52400,40515,2023,2,11885
1008,2023-01-24,Priya,East,Laptop,35512,30538,2023,1,4974
1009,2023-08-21,Anjali,South,Tablet,51566,34180,2023,8,17386
1010,2023-12-16,Aman,South,Monitor,37087,24070,2023,12,13017
1011,2023-11-24,Suresh,South,Tablet,12331,8245,2023,11,4086
1013,2024-03-24,Anjali,South,Printer,56856,49203,2024,3,7653
1014,2023-03-15,Rohit,South,Mobile,78579,59853,2023,3,18726
1015,2023-08-08,Kiran,West,Tablet,33746,30344,2023,8,3402
1016,2023-09-10,Aman,North,Laptop,25033,19731,2023,9,5302
1017,2023-08-05,Kiran,North,Printer,55019,42846,2023,8,12173
1018,2023-05-09,Suresh,North,Laptop,75381,62209,2023,5,13172
1019,2023-06-24,Aman,East,Printer,25730,18940,2023,6,6790
1020,2024-03-24,Rohit,South,Monitor,18947,16316,2024,3,2631
1021,2023-11-24,Suresh,South,Mobile,54009,44760,2023,11,9249
1022,2024-02-03,Suresh,North,Monitor,47487,35452,2024,2,12035
1023,2023-07-05,Rohit,South,Laptop,36571,31575,2023,7,4996
1024,2023-02-13,Pooja,North,Monitor,21483,13717,2023,2,7766
1025,2023-10-09,Neha,East,Monitor,60461,53768,2023,10,6693
1026,2024-01-22,Priya,East,Printer,53944,39456,2024,1,14488
1027,2023-03-03,Priya,South,Laptop,49313,29898,2023,3,19415
1028,2023-10-29,Priya,North,Laptop,12716,8502,2023,10,4214
1029,2024-03-16,Anjali,North,Monitor,36195,24740,2024,3,11455
1030,2023-10-04,Neha,West,Mobile,66993,56424,2023,10,10569
1031,2023-02-19,Vikas,East,Printer,58883,43579,2023,2,15304
1032,2023-12-11,Aman,North,Printer,49473,41566,2023,12,7907
1033,2023-04-09,Priya,West,Mobile,60296,39496,2023,4,20800
1034,2024-03-23,Aman,West,Monitor,17833,10970,2024,3,6863
1035,2024-03-04,Rahul,North,Mobile,26798,19346,2024,3,7452
1036,2024-03-18,Vikas,North,Mobile,54672,32838,2024,3,21834
1037,2024-02-06,Pooja,East,Printer,77845,62164,2024,2,15681
1038,2023-04-08,Rohit,South,Laptop,76066,47030,2023,4,29036
1039,2023-01-26,Kiran,West,Monitor,74615,48293,2023,1,26322
1040,2023-02-11,Neha,North,Monitor,13907,11161,2023,2,2746
1041,2023-03-03,Kiran,South,Monitor,10209,8022,2023,3,2187
1042,2023-10-26,Kiran,East,Tablet,31772,25446,2023,10,6326
1043,2023-05-16,Vikas,South,Tablet,64929,45116,2023,5,19813
1044,2023-02-07,Rahul,West,Monitor,78792,70820,2023,2,7972
1045,2023-04-20,Suresh,East,Mobile,50745,43856,2023,4,6889
1046,2023-07-09,Rohit,South,Printer,76200,61802,2023,7,14398
1047,2024-02-18,Suresh,North,Monitor,44240,38910,2024,2,5330
1048,2024-03-25,Neha,East,Laptop,19029,15655,2024,3,3374
1049,2023-05-25,Kiran,South,Tablet,31685,25546,2023,5,6139
1050,2023-09-16,Pooja,East,Laptop,17097,13511,2023,9,3586
1051,2023-01-23,Rahul,East,Mobile,39335,25507,2023,1,13828
1052,2023-12-28,Vikas,North,Laptop,14862,13130,2023,12,1732
1053,2023-03-18,Suresh,North,Tablet,77420,49891,2023,3,27529
1054,2023-06-07,Anjali,North,Tablet,32535,26178,2023,6,6357
1055,2023-07-01,Suresh,West,Monitor,25257,22168,2023,7,3089
1056,2023-03-25,Neha,West,Laptop,28509,23405,2023,3,5104
1057,2023-07-30,Priya,East,Mobile,19168,13700,2023,7,5468
1059,2024-03-22,Priya,South,Laptop,30313,21811,2024,3,8502
1060,2023-02-05,Rohit,East,Monitor,57386,46130,2023,2,11256
1061,2023-06-19,Rahul,North,Tablet,28405,21990,2023,6,6415
1062,2023-01-20,Aman,West,Tablet,46114,33705,2023,1,12409
1063,2023-03-01,Vikas,South,Tablet,10817,8790,2023,3,2027
1065,2023-06-19,Kiran,East,Laptop,44363,33367,2023,6,10996
1066,2023-06-17,Vikas,East,Monitor,21683,14257,2023,6,7426
1067,2023-07-14,Neha,East,Printer,76819,65305,2023,7,11514
1068,2023-04-18,Vikas,East,Printer,62905,46087,2023,4,16818
1069,2023-08-31,Neha,North,Tablet,72561,57987,2023,8,14574
1070,2023-02-17,Priya,East,Mobile,31100,20034,2023,2,11066
1072,2024-01-03,Vikas,West,Printer,36979,23824,2024,1,13155
1073,2024-01-20,Aman,West,Mobile,28053,23599,2024,1,4454
1074,2023-08-26,Rahul,South,Laptop,64829,41490,2023,8,23339
1075,2023-09-29,Suresh,East,Printer,71162,51807,2023,9,19355
1076,2023-08-17,Neha,West,Printer,38972,32172,2023,8,6800
1077,2023-05-22,Suresh,West,Mobile,40992,30004,2023,5,10988
1078,2023-05-01,Rohit,East,Tablet,75798,47311,2023,5,28487
1079,2023-07-16,Neha,South,Laptop,59377,42886,2023,7,16491
1080,2023-08-01,Rahul,South,Printer,56049,48843,2023,8,7206
1081,2023-12-23,Rahul,West,Printer,5772,5095,2023,12,677
1082,2023-07-19,Vikas,South,Printer,33760,23020,2023,7,10740
1083,2023-07-19,Anjali,West,Mobile,66261,58035,2023,7,8226
1084,2023-10-01,Rahul,West,Monitor,78975,63093,2023,10,15882
1085,2023-08-08,Neha,West,Mobile,11590,7858,2023,8,3732
1086,2023-08-21,Anjali,East,Printer,41471,34238,2023,8,7233
1087,2023-05-10,Aman,West,Laptop,75702,46604,2023,5,29098
1088,2023-04-25,Aman,North,Laptop,37411,24684,2023,4,12727
1090,2023-04-22,Pooja,East,Tablet,26992,21101,2023,4,5891
1091,2024-01-03,Aman,South,Tablet,19168,14828,2024,1,4340
1092,2023-10-22,Vikas,West,Mobile,14961,11634,2023,10,3327
1093,2023-05-05,Aman,East,Monitor,20866,17503,2023,5,3363
1094,2023-01-22,Anjali,West,Tablet,14038,10553,2023,1,3485
1095,2024-03-10,Vikas,West,Laptop,61822,54912,2024,3,6910
1096,2024-02-29,Pooja,South,Printer,28086,23034,2024,2,5052
1097,2023-05-19,Kiran,West,Printer,62091,52635,2023,5,9456
1098,2023-06-15,Priya,North,Tablet,64087,43140,2023,6,20947
1099,2023-11-09,Vikas,East,Laptop,69789,59689,2023,11,10100
1100,2023-04-19,Anjali,East,Tablet,41655,35993,2023,4,5662
1101,2023-05-22,Suresh,North,Monitor,30042,18796,2023,5,11246
1102,2023-09-08,Suresh,South,Printer,69332,50921,2023,9,18411
1104,2023-08-31,Suresh,East,Printer,77140,53939,2023,8,23201
1105,2023-05-19,Rohit,East,Mobile,20814,16992,2023,5,3822
1106,2024-01-16,Suresh,South,Mobile,33361,27408,2024,1,5953
1107,2023-10-29,Suresh,East,Laptop,30443,20971,2023,10,9472
1108,2023-06-04,Rahul,South,Tablet,10965,9783,2023,6,1182
1109,2023-12-24,Neha,West,Laptop,6607,5102,2023,12,1505
1110,2023-08-14,Anjali,South,Laptop,38092,33609,2023,8,4483
1111,2024-02-25,Aman,West,Printer,14710,11372,2024,2,3338
1112,2023-03-19,Neha,East,Laptop,37530,23851,2023,3,13679
1113,2023-11-07,Kiran,South,Monitor,54856,40327,2023,11,14529
1114,2024-03-16,Kiran,West,Tablet,79531,62535,2024,3,16996
1115,2024-01-14,Aman,South,Mobile,39687,31675,2024,1,8012
1116,2023-03-30,Suresh,North,Mobile,5350,3865,2023,3,1485
1117,2023-08-29,Rohit,North,Mobile,42762,34726,2023,8,8036
1118,2023-08-21,Aman,South,Tablet,30928,22501,2023,8,8427
1119,2023-11-28,Neha,East,Mobile,14359,8872,2023,11,5487
1120,2023-11-01,Kiran,East,Printer,21299,15774,2023,11,5525
1121,2023-07-26,Rohit,West,Printer,15543,12114,2023,7,3429
1122,2024-01-12,Anjali,East,Laptop,16970,11347,2024,1,5623
1123,2024-03-16,Kiran,North,Tablet,10273,8515,2024,3,1758
1124,2023-09-23,Pooja,East,Mobile,62132,49111,2023,9,13021
1125,2023-02-16,Pooja,East,Printer,48687,33901,2023,2,14786
1126,2023-03-24,Anjali,West,Printer,42777,34169,2023,3,8608
1127,2024-01-25,Suresh,North,Printer,16542,11486,2024,1,5056
1128,2024-01-31,Vikas,North,Monitor,65552,47457,2024,1,18095
1129,2023-07-05,Kiran,West,Printer,11764,7776,2023,7,3988
1130,2023-05-28,Pooja,West,Laptop,8783,7833,2023,5,950
1131,2023-05-03,Neha,East,Monitor,6792,5200,2023,5,1592
1132,2024-03-06,Aman,West,Laptop,25181,18873,2024,3,6308
1133,2023-09-18,Rohit,West,Printer,66894,45027,2023,9,21867
1134,2023-07-16,Priya,South,Laptop,41208,34276,2023,7,6932
1135,2023-06-24,Suresh,East,Laptop,42072,34407,2023,6,7665
1136,2023-10-24,Pooja,South,Printer,75592,56338,2023,10,19254
1137,2024-01-26,Suresh,West,Printer,47176,40612,2024,1,6564
1138,2023-05-03,Kiran,West,Mobile,58841,36075,2023,5,22766
1139,2023-12-28,Vikas,West,Mobile,69923,62192,2023,12,7731
1140,2023-10-30,Anjali,North,Printer,18069,13692,2023,10,4377
1141,2024-01-05,Neha,West,Mobile,14807,10969,2024,1,3838
1142,2023-06-23,Kiran,West,Laptop,48065,41129,2023,6,6936
1143,2023-07-14,Anjali,West,Monitor,9705,7620,2023,7,2085
1144,2023-12-17,Rohit,South,Laptop,61881,55290,2023,12,6591
1145,2023-12-27,Aman,West,Mobile,44251,38543,2023,12,5708
1147,2023-07-30,Kiran,South,Mobile,27946,17429,2023,7,10517
1148,2023-11-14,Priya,West,Monitor,23758,15909,2023,11,7849
1149,2023-08-24,Rohit,North,Printer,42700,34300,2023,8,8400
1150,2023-08-15,Anjali,East,Printer,37780,27845,2023,8,9935
1151,2023-07-16,Pooja,North,Mobile,54986,42425,2023,7,12561
1152,2023-12-25,Rohit,North,Printer,40976,24685,2023,12,16291
1153,2024-02-03,Rahul,West,Tablet,35162,27500,2024,2,7662
1154,2023-11-22,Priya,East,Mobile,17735,15447,2023,11,2288
1155,2023-06-08,Pooja,North,Monitor,52823,43299,2023,6,9524
1156,2023-06-01,Anjali,West,Mobile,31318,20032,2023,6,11286
1157,2023-07-07,Suresh,East,Mobile,38681,33815,2023,7,4866
1158,2024-02-17,Rohit,East,Laptop,66385,59007,2024,2,7378
1159,2023-04-26,Vikas,East,Laptop,56717,34267,2023,4,22450
1160,2023-08-21,Anjali,East,Monitor,54941,46519,2023,8,8422
1161,2023-02-25,Priya,West,Laptop,78584,54883,2023,2,23701
1162,2023-11-28,Aman,West,Tablet,58516,37157,2023,11,21359
1164,2023-03-11,Vikas,West,Tablet,75804,55013,2023,3,20791
1165,2023-03-21,Vikas,North,Printer,58492,51573,2023,3,6919
1166,2023-12-20,Anjali,South,Printer,63287,56019,2023,12,7268
1167,2023-02-20,Anjali,East,Laptop,57184,39043,2023,2,18141
1168,2024-03-10,Pooja,North,Mobile,7799,4797,2024,3,3002
1169,2023-03-06,Kiran,South,Laptop,77641,51409,2023,3,26232
1170,2024-03-21,Priya,East,Mobile,5371,3669,2024,3,1702
1171,2023-03-08,Suresh,East,Mobile,19408,15493,2023,3,3915
1173,2023-03-06,Vikas,North,Laptop,67422,49520,2023,3,17902
1174,2023-10-31,Aman,West,Monitor,34038,30076,2023,10,3962
1176,2023-07-25,Vikas,North,Printer,63138,39274,2023,7,23864
1177,2023-11-08,Neha,North,Mobile,41046,32315,2023,11,8731
1178,2023-12-31,Anjali,West,Monitor,74541,51319,2023,12,23222
1179,2023-08-09,Aman,North,Monitor,33183,24191,2023,8,8992
1180,2023-07-31,Anjali,West,Printer,59524,48743,2023,7,10781
1181,2023-06-10,Rohit,East,Mobile,67163,41650,2023,6,25513
1182,2023-02-17,Vikas,North,Tablet,22054,16913,2023,2,5141
1183,2023-10-15,Suresh,East,Laptop,58845,41549,2023,10,17296
1184,2024-01-20,Vikas,North,Tablet,45953,32419,2024,1,13534
1185,2023-04-19,Neha,West,Mobile,19184,13525,2023,4,5659
1186,2023-02-28,Rohit,South,Printer,78526,70073,2023,2,8453
1187,2023-11-11,Suresh,North,Monitor,40054,24380,2023,11,15674
1188,2024-01-26,Rohit,East,Tablet,5800,3795,2024,1,2005
1189,2023-12-03,Vikas,North,Mobile,9018,5659,2023,12,3359
1190,2023-07-12,Vikas,West,Tablet,25631,18224,2023,7,7407
1191,2024-02-02,Kiran,North,Laptop,25392,16434,2024,2,8958
1192,2023-12-12,Aman,East,Printer,60576,45171,2023,12,15405
1193,2023-05-20,Priya,North,Tablet,61349,38850,2023,5,22499
1194,2023-10-31,Pooja,East,Laptop,33903,24361,2023,10,9542
1195,2023-01-04,Priya,East,Mobile,22987,19061,2023,1,3926
1196,2023-03-03,Rahul,West,Printer,28028,17903,2023,3,10125
1197,2023-04-28,Suresh,East,Laptop,57044,48973,2023,4,8071
1199,2023-12-30,Vikas,East,Laptop,58088,35216,2023,12,22872
1200,2024-02-15,Kiran,West,Tablet,16551,12099,2024,2,4452
1201,2023-08-12,Kiran,West,Monitor,15308,11002,2023,8,4306
1202,2023-06-23,Priya,East,Mobile,15011,11305,2023,6,3706
1203,2023-09-19,Priya,East,Tablet,24358,16341,2023,9,8017
1204,2023-04-12,Neha,South,Laptop,28218,24983,2023,4,3235
1205,2023-08-26,Kiran,West,Monitor,47363,40697,2023,8,6666
1206,2023-03-19,Pooja,North,Printer,62961,49702,2023,3,13259
1207,2023-10-30,Rahul,East,Monitor,14724,10205,2023,10,4519
1208,2023-01-30,Anjali,East,Laptop,16835,13207,2023,1,3628
1209,2023-08-25,Kiran,North,Printer,79928,63586,2023,8,16342
1210,2023-09-01,Suresh,South,Laptop,64050,40418,2023,9,23632
1211,2023-06-25,Aman,South,Laptop,37472,30438,2023,6,7034
1212,2023-09-26,Suresh,South,Tablet,53870,47156,2023,9,6714
1213,2024-02-01,Anjali,North,Tablet,13639,9532,2024,2,4107
1214,2023-07-17,Rohit,East,Monitor,24709,17296,2023,7,7413
1215,2023-03-14,Anjali,East,Printer,21901,17050,2023,3,4851
1216,2023-06-08,Suresh,West,Tablet,21750,17422,2023,6,4328
1217,2024-01-14,Suresh,North,Printer,71648,50766,2024,1,20882
1218,2023-04-03,Priya,East,Printer,30166,20149,2023,4,10017
1219,2023-02-09,Rohit,North,Monitor,75748,64426,2023,2,11322
1220,2023-01-20,Anjali,South,Monitor,54377,35142,2023,1,19235
1221,2023-12-21,Kiran,South,Printer,10726,7757,2023,12,2969
1222,2023-05-02,Pooja,East,Printer,35671,27117,2023,5,8554
1223,2024-02-19,Pooja,South,Tablet,79766,71417,2024,2,8349
1224,2023-05-25,Vikas,West,Mobile,31174,26197,2023,5,4977
1225,2023-05-09,Rahul,West,Tablet,77684,68384,2023,5,9300
1226,2023-09-22,Aman,East,Laptop,26012,17735,2023,9,8277
1227,2023-03-17,Vikas,North,Mobile,64130,55497,2023,3,8633
1228,2023-08-01,Rahul,West,Monitor,54015,36229,2023,8,17786
1229,2023-07-11,Priya,North,Tablet,17987,15320,2023,7,2667
1230,2024-02-10,Neha,South,Laptop,42601,37285,2024,2,5316
1231,2024-03-01,Neha,West,Printer,5688,4958,2024,3,730
1233,2023-05-02,Rohit,North,Laptop,36252,26317,2023,5,9935
1234,2023-08-23,Aman,North,Printer,75261,45527,2023,8,29734
1235,2023-05-04,Neha,East,Printer,5205,4083,2023,5,1122
1236,2023-08-02,Neha,North,Monitor,52265,32420,2023,8,19845
1237,2023-09-17,Suresh,North,Printer,66621,40842,2023,9,25779
1238,2023-07-11,Rohit,North,Tablet,13855,9746,2023,7,4109
1239,2023-11-18,Aman,East,Mobile,10811,7629,2023,11,3182
1240,2023-11-26,Neha,West,Printer,28891,24368,2023,11,4523
1241,2024-02-02,Pooja,North,Tablet,31422,19266,2024,2,12156
1242,2023-01-22,Anjali,East,Monitor,57196,51289,2023,1,5907
1243,2023-05-10,Rahul,South,Tablet,51789,44468,2023,5,7321
1245,2023-08-14,Vikas,East,Mobile,70038,56564,2023,8,13474
1246,2024-02-13,Suresh,East,Laptop,60640,37819,2024,2,22821
1247,2024-02-26,Neha,East,Tablet,18447,11511,2024,2,6936
1248,2023-06-06,Pooja,West,Mobile,63183,44573,2023,6,18610
1250,2023-07-06,Suresh,South,Laptop,23714,20266,2023,7,3448
1251,2023-08-13,Rahul,South,Laptop,35932,29951,2023,8,5981
1252,2023-07-16,Kiran,North,Monitor,25111,20182,2023,7,4929
1253,2023-07-10,Pooja,North,Monitor,23047,17488,2023,7,5559
1254,2023-11-29,Rohit,South,Laptop,8396,6890,2023,11,1506
1255,2023-07-18,Suresh,North,Tablet,39116,31731,2023,7,7385
1256,2023-11-10,Rohit,West,Mobile,21074,13502,2023,11,7572
1257,2023-03-30,Pooja,North,Tablet,50537,41079,2023,3,9458
1258,2023-05-29,Rohit,South,Mobile,52381,39423,2023,5,12958
1259,2023-04-13,Neha,South,Printer,8445,5981,2023,4,2464
1260,2023-08-28,Suresh,South,Monitor,16300,10101,2023,8,6199
1261,2024-01-03,Pooja,West,Printer,14666,9351,2024,1,5315
1262,2023-02-07,Pooja,West,Monitor,50156,32024,2023,2,18132
1263,2023-10-10,Kiran,South,Mobile,61704,46331,2023,10,15373
1264,2024-03-01,Aman,South,Tablet,26581,17240,2024,3,9341
1265,2023-04-26,Anjali,East,Laptop,37847,24937,2023,4,12910
1266,2023-05-21,Neha,East,Monitor,74924,47054,2023,5,27870
1267,2023-10-31,Kiran,South,Mobile,49252,42000,2023,10,7252
1268,2024-02-27,Rahul,North,Laptop,39688,31565,2024,2,8123
1269,2023-08-02,Kiran,North,Printer,76509,52554,2023,8,23955
1270,2023-09-05,Priya,West,Tablet,64446,40078,2023,9,24368
1271,2023-08-14,Vikas,West,Printer,31741,22284,2023,8,9457
1272,2024-03-17,Anjali,East,Printer,22139,18335,2024,3,3804
1273,2023-02-24,Anjali,South,Printer,21059,14325,2023,2,6734
1274,2023-02-19,Rahul,East,Printer,59805,40337,2023,2,19468
1275,2023-03-23,Anjali,East,Mobile,25885,19400,2023,3,6485
1276,2023-09-13,Rohit,West,Laptop,16802,14845,2023,9,1957
1277,2023-05-04,Priya,East,Laptop,11624,7955,2023,5,3669
1278,2024-03-07,Pooja,East,Monitor,6071,5185,2024,3,886
1279,2023-05-16,Anjali,West,Tablet,10930,7871,2023,5,3059
1280,2023-04-10,Anjali,East,Laptop,55639,41800,2023,4,13839
1281,2023-05-24,Kiran,North,Mobile,17672,12691,2023,5,4981
1282,2023-06-23,Suresh,East,Mobile,31090,24273,2023,6,6817
1283,2023-01-21,Rahul,North,Mobile,48652,40925,2023,1,7727
1284,2023-03-18,Kiran,South,Tablet,46750,30329,2023,3,16421
1285,2024-01-14,Rohit,East,Monitor,71809,54553,2024,1,17256
1286,2023-06-03,Pooja,North,Tablet,48416,38836,2023,6,9580
1287,2023-10-26,Rohit,North,Monitor,67205,45676,2023,10,21529
1288,2024-02-02,Kiran,South,Laptop,67973,44260,2024,2,23713
1289,2023-11-14,Vikas,South,Mobile,9138,7052,2023,11,2086
1290,2023-04-08,Rahul,West,Tablet,59890,38654,2023,4,21236
1291,2023-07-30,Suresh,West,Laptop,23098,17452,2023,7,5646
1292,2023-12-06,Pooja,West,Tablet,27699,20439,2023,12,7260
1293,2023-10-07,Anjali,East,Monitor,68462,45026,2023,10,23436
1294,2023-10-13,Rohit,South,Tablet,42880,34795,2023,10,8085
1295,2023-09-08,Anjali,West,Tablet,78464,69056,2023,9,9408
1296,2023-05-21,Rohit,North,Monitor,76197,54397,2023,5,21800
1297,2024-02-24,Anjali,South,Tablet,10513,7214,2024,2,3299
1298,2023-06-27,Pooja,East,Printer,33047,21831,2023,6,11216
1299,2023-10-15,Rohit,South,Laptop,36363,24462,2023,10,11901
1300,2023-09-29,Priya,South,Laptop,18133,13128,2023,9,5005
1301,2023-02-21,Neha,North,Monitor,25701,18557,2023,2,7144
1302,2024-03-25,Pooja,West,Mobile,42649,29698,2024,3,12951
1303,2024-01-29,Aman,South,Monitor,9888,8641,2024,1,1247
1304,2024-03-04,Neha,North,Printer,69930,45866,2024,3,24064
1305,2024-03-22,Rohit,North,Laptop,44110,33981,2024,3,10129
1306,2023-06-21,Rohit,West,Monitor,73723,55157,2023,6,18566
1307,2024-03-11,Suresh,West,Tablet,30272,25508,2024,3,4764
1308,2024-01-10,Pooja,East,Mobile,6846,5620,2024,1,1226
1309,2023-10-18,Priya,South,Monitor,58148,49315,2023,10,8833
1310,2023-02-14,Vikas,North,Mobile,23430,17414,2023,2,6016
1311,2023-01-04,Rohit,West,Mobile,63554,52503,2023,1,11051
1312,2023-06-04,Kiran,North,Tablet,52127,42109,2023,6,10018
1313,2023-03-02,Pooja,East,Mobile,58138,46848,2023,3,11290
1314,2023-12-27,Rohit,North,Tablet,53174,41709,2023,12,11465
1315,2023-03-10,Pooja,South,Printer,53971,39115,2023,3,14856
1316,2023-08-30,Suresh,South,Mobile,15730,11917,2023,8,3813
1317,2023-07-05,Aman,North,Laptop,76781,66865,2023,7,9916
1318,2023-10-02,Neha,South,Tablet,73202,53624,2023,10,19578
1319,2024-01-03,Kiran,West,Laptop,71895,52745,2024,1,19150
1320,2023-03-09,Suresh,West,Printer,78912,48714,2023,3,30198
1321,2024-02-18,Rohit,North,Printer,38352,32404,2024,2,5948
1322,2023-10-24,Aman,North,Printer,50158,40633,2023,10,9525
1323,2023-01-31,Aman,West,Laptop,42629,30806,2023,1,11823
1324,2024-01-28,Vikas,East,Printer,63790,54915,2024,1,8875
1325,2023-07-12,Aman,South,Tablet,20549,13429,2023,7,7120
1326,2023-09-28,Neha,South,Laptop,7979,7129,2023,9,850
1327,2024-01-04,Suresh,West,Monitor,54712,46341,2024,1,8371
1328,2023-06-27,Neha,East,Mobile,19790,12065,2023,6,7725
1329,2023-11-11,Rahul,South,Mobile,13819,8709,2023,11,5110
1331,2023-04-22,Rahul,South,Monitor,42914,28763,2023,4,14151
1332,2023-10-22,Anjali,East,Mobile,44552,38442,2023,10,6110
1333,2023-09-24,Priya,West,Tablet,41064,25389,2023,9,15675
1334,2024-03-26,Neha,West,Monitor,69962,42961,2024,3,27001
1335,2023-11-26,Vikas,East,Printer,58511,37725,2023,11,20786
1336,2024-01-22,Suresh,West,Mobile,34536,23837,2024,1,10699
1337,2024-02-17,Pooja,North,Monitor,59090,52609,2024,2,6481
1338,2023-03-10,Vikas,South,Tablet,31651,22126,2023,3,9525
1339,2023-08-19,Anjali,North,Monitor,29966,18442,2023,8,11524
1340,2023-11-06,Kiran,North,Laptop,29662,24957,2023,11,4705
1341,2023-12-10,Suresh,South,Printer,32379,27873,2023,12,4506
1342,2023-01-08,Priya,South,Laptop,67773,59256,2023,1,8517
1343,2023-12-27,Priya,West,Mobile,77362,53881,2023,12,23481
1344,2023-08-27,Suresh,East,Tablet,39283,27808,2023,8,11475
1345,2023-08-27,Aman,West,Tablet,31624,22491,2023,8,9133
1346,2023-10-16,Priya,South,Laptop,39180,30011,2023,10,9169
1347,2024-01-04,Vikas,East,Mobile,30715,21468,2024,1,9247
1348,2024-03-02,Priya,West,Monitor,49245,33348,2024,3,15897
1349,2024-01-06,Pooja,West,Mobile,51160,33293,2024,1,17867
1350,2023-09-08,Neha,North,Monitor,9433,8034,2023,9,1399
1351,2024-02-23,Rahul,North,Printer,23021,19631,2024,2,3390
1352,2023-12-29,Neha,North,Mobile,71287,52524,2023,12,18763
1353,2023-11-23,Kiran,West,Printer,7061,4250,2023,11,2811
1354,2023-01-07,Rahul,East,Monitor,42576,25764,2023,1,16812
1355,2023-12-12,Vikas,South,Laptop,17624,13346,2023,12,4278
1356,2023-11-14,Suresh,East,Tablet,40038,33571,2023,11,6467
1357,2023-07-27,Pooja,South,Mobile,44318,35685,2023,7,8633
1358,2023-12-01,Rahul,North,Printer,54710,39016,2023,12,15694
1359,2023-11-23,Rahul,South,Laptop,70517,60193,2023,11,10324
1360,2023-06-19,Kiran,North,Monitor,10577,7075,2023,6,3502
1361,2023-12-21,Kiran,West,Tablet,11102,9739,2023,12,1363
1362,2023-05-24,Suresh,North,Mobile,46220,27949,2023,5,18271
1363,2023-03-15,Vikas,North,Tablet,26292,20223,2023,3,6069
1364,2024-03-10,Vikas,East,Printer,23343,19541,2024,3,3802
1365,2023-02-10,Suresh,East,Laptop,17803,13016,2023,2,4787
1366,2023-06-24,Kiran,West,Tablet,8883,7019,2023,6,1864
1367,2023-08-19,Pooja,South,Tablet,77487,68370,2023,8,9117
1368,2023-12-15,Kiran,West,Laptop,43715,36695,2023,12,7020
1369,2023-02-12,Rohit,South,Printer,25221,20729,2023,2,4492
1370,2023-02-24,Aman,North,Tablet,63292,44809,2023,2,18483
1371,2023-03-09,Aman,South,Printer,63830,48963,2023,3,14867
1372,2023-02-22,Rahul,North,Tablet,77642,48752,2023,2,28890
1373,2023-06-16,Vikas,North,Tablet,59238,42434,2023,6,16804
1374,2023-10-14,Priya,South,Printer,27216,17463,2023,10,9753
1375,2023-09-10,Neha,North,Mobile,61973,42314,2023,9,19659
1376,2024-02-05,Aman,East,Tablet,37321,30464,2024,2,6857
1377,2023-11-12,Priya,West,Laptop,22758,15734,2023,11,7024
1378,2023-06-20,Kiran,West,Tablet,62700,43916,2023,6,18784
1379,2024-03-16,Kiran,South,Tablet,47030,36728,2024,3,10302
1380,2023-09-03,Anjali,South,Printer,46830,32192,2023,9,14638
1381,2023-09-09,Kiran,South,Tablet,54290,37139,2023,9,17151
1382,2023-07-06,Aman,South,Monitor,76516,50039,2023,7,26477
1383,2023-01-14,Pooja,South,Printer,43185,36680,2023,1,6505
1384,2024-03-10,Vikas,West,Mobile,44692,30060,2024,3,14632
1385,2024-01-02,Vikas,West,Laptop,63860,57295,2024,1,6565
1386,2023-07-25,Suresh,West,Monitor,9818,8219,2023,7,1599
1387,2024-02-20,Suresh,North,Laptop,37536,29926,2024,2,7610
1388,2023-11-28,Kiran,North,Monitor,57378,51068,2023,11,6310
1389,2024-02-12,Vikas,North,Laptop,17924,12145,2024,2,5779
1390,2023-09-23,Suresh,South,Printer,54036,38762,2023,9,15274
1391,2023-10-29,Suresh,South,Tablet,8219,6121,2023,10,2098
1392,2023-02-13,Aman,South,Tablet,45880,32249,2023,2,13631
1393,2023-09-24,Pooja,East,Printer,17795,13016,2023,9,4779
1394,2023-06-13,Aman,East,Laptop,20084,12186,2023,6,7898
1395,2023-02-25,Neha,South,Monitor,27865,21332,2023,2,6533
1396,2023-08-07,Pooja,South,Printer,29176,19137,2023,8,10039
1397,2023-07-22,Rahul,South,Printer,61302,43932,2023,7,17370
1398,2023-04-16,Rohit,North,Monitor,18336,15399,2023,4,2937
1399,2023-07-07,Anjali,South,Printer,19936,13530,2023,7,6406
1400,2023-09-28,Anjali,West,Monitor,56451,43811,2023,9,12640
1401,2024-03-08,Pooja,South,Tablet,16108,12912,2024,3,3196
1402,2023-05-03,Rohit,North,Mobile,53929,43576,2023,5,10353
1403,2023-08-03,Kiran,South,Monitor,55293,40193,2023,8,15100
1404,2023-10-03,Neha,South,Printer,42858,27518,2023,10,15340
1405,2023-08-19,Kiran,North,Tablet,6256,4663,2023,8,1593
1406,2023-07-16,Suresh,West,Printer,69451,50330,2023,7,19121
1407,2023-09-08,Neha,North,Monitor,9044,7585,2023,9,1459
1408,2023-01-17,Rohit,South,Monitor,42836,27863,2023,1,14973
1409,2024-01-16,Pooja,North,Monitor,19969,13586,2024,1,6383
1410,2023-07-07,Suresh,North,Printer,76611,50989,2023,7,25622
1411,2024-01-12,Priya,East,Laptop,63947,43410,2024,1,20537
1412,2023-02-14,Pooja,North,Mobile,32509,27411,2023,2,5098
1413,2023-06-29,Kiran,West,Mobile,23249,19423,2023,6,3826
1414,2024-02-17,Rahul,East,Monitor,41842,32597,2024,2,9245
1415,2023-12-27,Rohit,East,Monitor,40041,35465,2023,12,4576
1416,2023-12-14,Aman,South,Printer,12770,11464,2023,12,1306
1417,2023-03-06,Neha,South,Mobile,47217,40065,2023,3,7152
1418,2023-12-13,Vikas,West,Mobile,40221,31707,2023,12,8514
1419,2023-02-08,Aman,West,Monitor,41467,33522,2023,2,7945
1420,2023-08-21,Pooja,East,Monitor,5324,4582,2023,8,742
1421,2023-02-17,Pooja,East,Laptop,75048,53983,2023,2,21065
1422,2024-02-27,Priya,West,Tablet,47318,40149,2024,2,7169
1423,2023-10-23,Neha,West,Tablet,11345,6963,2023,10,4382
1424,2024-03-04,Pooja,North,Laptop,25707,18827,2024,3,6880
1426,2023-05-21,Aman,East,Tablet,15803,11244,2023,5,4559
1427,2023-03-26,Rahul,West,Tablet,35689,26009,2023,3,9680
1428,2023-02-18,Rahul,South,Printer,15215,9734,2023,2,5481
1429,2023-12-15,Pooja,North,Laptop,50032,42283,2023,12,7749
1430,2023-08-05,Neha,West,Laptop,35008,25027,2023,8,9981
1431,2023-02-22,Aman,East,Tablet,44223,28353,2023,2,15870
1432,2024-01-21,Neha,South,Laptop,74534,57315,2024,1,17219
1433,2023-03-26,Pooja,East,Mobile,24840,21759,2023,3,3081
1434,2023-08-15,Priya,North,Laptop,23351,19281,2023,8,4070
1435,2023-07-16,Anjali,West,Tablet,23327,15730,2023,7,7597
1436,2023-05-08,Suresh,East,Laptop,44537,29467,2023,5,15070
1437,2023-04-07,Vikas,East,Laptop,36370,27221,2023,4,9149
1438,2023-09-13,Kiran,North,Monitor,6581,5897,2023,9,684
1439,2023-03-09,Vikas,West,Tablet,76612,61663,2023,3,14949
1440,2024-01-30,Aman,North,Monitor,13851,8367,2024,1,5484
1441,2023-01-31,Vikas,East,Monitor,59451,43225,2023,1,16226
1442,2023-11-24,Suresh,South,Tablet,15957,11057,2023,11,4900
1443,2023-04-15,Neha,East,Printer,13665,9470,2023,4,4195
1444,2024-03-09,Priya,North,Mobile,16300,14301,2024,3,1999
1445,2023-11-10,Kiran,North,Tablet,28022,17817,2023,11,10205
1446,2023-12-26,Rahul,South,Printer,50443,38180,2023,12,12263
1447,2024-01-05,Rohit,South,Tablet,21637,17849,2024,1,3788
1448,2024-01-11,Aman,North,Tablet,61272,41762,2024,1,19510
1449,2023-12-31,Kiran,North,Printer,64663,48706,2023,12,15957
1450,2024-03-15,Kiran,South,Tablet,25618,17331,2024,3,8287
1451,2023-10-21,Aman,South,Monitor,5336,3272,2023,10,2064
1452,2023-05-06,Rahul,West,Tablet,55197,48356,2023,5,6841
1453,2024-03-15,Rahul,West,Mobile,47179,31821,2024,3,15358
1454,2023-06-13,Rohit,North,Monitor,53864,34247,2023,6,19617
1455,2023-01-27,Neha,South,Monitor,11019,9765,2023,1,1254
1456,2023-08-27,Rohit,East,Tablet,16322,12501,2023,8,3821
1458,2023-07-08,Kiran,West,Mobile,76638,63467,2023,7,13171
1459,2023-01-04,Vikas,North,Mobile,75981,53485,2023,1,22496
1460,2024-03-25,Rahul,East,Laptop,54319,46426,2024,3,7893
1461,2023-02-23,Priya,South,Printer,69491,61732,2023,2,7759
1462,2023-03-14,Rohit,North,Laptop,35339,30716,2023,3,4623
1463,2023-12-25,Anjali,West,Laptop,17527,13173,2023,12,4354
1464,2023-07-21,Aman,North,Printer,22132,14851,2023,7,7281
1465,2023-06-11,Vikas,East,Tablet,64343,43855,2023,6,20488
1466,2023-04-14,Neha,North,Mobile,18848,12238,2023,4,6610
1467,2023-07-28,Aman,East,Mobile,64233,44480,2023,7,19753
1468,2023-03-03,Aman,South,Tablet,10286,6835,2023,3,3451
1469,2023-03-17,Aman,South,Tablet,56936,42931,2023,3,14005
1470,2023-05-14,Neha,North,Printer,64270,49281,2023,5,14989
1471,2023-02-18,Pooja,North,Mobile,20919,12626,2023,2,8293
1472,2023-04-24,Neha,South,Printer,53790,43348,2023,4,10442
1473,2023-02-13,Kiran,East,Laptop,7857,7064,2023,2,793
1474,2023-11-27,Pooja,South,Laptop,48456,30854,2023,11,17602
1475,2023-01-26,Neha,West,Printer,70028,42636,2023,1,27392
1476,2023-03-30,Anjali,South,Mobile,41042,28070,2023,3,12972
1477,2023-01-18,Kiran,South,Tablet,70390,50934,2023,1,19456
1478,2023-02-01,Aman,East,Printer,22987,16683,2023,2,6304
1479,2024-02-13,Suresh,South,Monitor,7559,6779,2024,2,780
1480,2023-07-03,Pooja,West,Tablet,79141,59412,2023,7,19729
1481,2023-04-03,Rahul,East,Monitor,33707,20520,2023,4,13187
1482,2023-05-24,Rahul,West,Monitor,51849,43037,2023,5,8812
1483,2023-03-23,Aman,South,Mobile,39934,30354,2023,3,9580
1484,2024-01-13,Rahul,South,Monitor,55911,39497,2024,1,16414
1485,2024-03-08,Neha,South,Mobile,46681,39299,2024,3,7382
1486,2023-10-30,Rahul,East,Monitor,78873,50686,2023,10,28187
1487,2024-03-04,Pooja,East,Mobile,69282,42358,2024,3,26924
1488,2023-11-05,Priya,North,Monitor,67650,40603,2023,11,27047
1489,2023-04-14,Neha,East,Mobile,47413,29294,2023,4,18119
1490,2023-12-27,Neha,North,Monitor,52826,46918,2023,12,5908
1491,2023-12-06,Vikas,North,Tablet,44552,31042,2023,12,13510
1492,2024-01-10,Vikas,West,Tablet,27833,22604,2024,1,5229
1493,2023-11-11,Anjali,South,Monitor,27983,19966,2023,11,8017
1494,2023-05-31,Neha,South,Laptop,56327,48172,2023,5,8155
1495,2023-10-18,Rahul,South,Monitor,46709,40931,2023,10,5778
1496,2023-04-24,Kiran,North,Printer,23434,16388,2023,4,7046
1497,2023-06-27,Anjali,South,Laptop,49007,35970,2023,6,13037
1498,2023-05-08,Aman,East,Tablet,19160,15636,2023,5,3524
1500,2023-10-07,Vikas,North,Printer,34567,22426,2023,10,12141
